4511,vanhoozer
6200,vanhoozer
2264,strawson
1442,strawson
6745,strawson
5560,strawson
6843,kearney
3515,schechtman
8240,schechtman
4724,sartre
1387,sartre
4435,taylor
3878,taylor
7014,parfit
2042,hume
3181,hume
1399,holub
4743,dosto
6856,dosto
7455,dosto
8779,mill
9674,scruton
1960,scruton
9618,nietzsche
4569,nietzsche
5542,dilthey
8081,dilthey
3432,habermas
3780,habermas
9933,gadamer
7697,gadamer
9386,gadamer
1781,habermas
6280,maddy
8696,maddy
3552,popper
1112,popper
6542,foucault
6039,foucault
7517,foucault
8509,foucault
9851,butler
4473,butler
5988,taylor
4912,taylor
6086,derrida
4438,derrida
7443,derrida
1239,barthes
8881,barthes
9896,marquard
4964,marquard
2276,marquard
9872,marquard
5880,kolakowski
3883,kolakowski
6229,solnit ii
1511,solnit ii
7230,solnit i
2584,solnit i
7859
1203
1997
5902
5055
1918
6905
2482
1440
3484
2627
2255
6465
7397
3745
8323
3760
3075
7174
9839
3268
8170
8183
4790
9296
6595
7252
1976
3977
1231
6033
1507
4256
1207
7363
1279
2993
4328
9665
3882
2289
9049
7371
8899
2793
2064
4385
6298
5675
6498
6386
2129
9935
6102
7340
9979
7023
4100
5137
2567
1353
1186
3469
4837
7960
2203
6136
7215
3696
8993
7550
2468
7128
8256
4501
6852
8614
8047
1886
7411
6368
1636
5432
4942
7948
8806
5206
6017
1811
3530
6464
5359
4340
2439
2710
5014
1385
7638
3850
8950
9828
5237
6484
6423
7854
5621
7088
8621
3463
9624
9417
7048
1200
2802
3545
5430
2469
4294
6958
7283
3479
8482
4986
4284
1510
1509
5112
2281
3413
2101
9070
2940
5859
2516
8677
2521
2840
4452
6947
7032
9187
5297
1866
7748
2621
8560
2922
5010
7004
3808
5979
3783
1418
6584
2432
3917
6611
1774
7152
8871
9413
2303
7332
4417
2445
6353
8000
6526
7987
4046
4901
3269
4564
1837
2781
7855
8141
7910
1466
4826
1526
2500
3900
2916
4934
3612
2354
1309
8665
8938
7307
4940
7141
6574
5257
2494
4609
5972
4605
7837
7984
3863
1082
4893
3295
5735
8510
7946
8414
5364
3980
7390
4657
4938
1078
6976
9511
3460
1445
6645
3247
9558
7077
2958
6472
5387
3399
6583
5742
4182
8876
9368
7553
2886
4462
2414
1341
4592
6868
1293
7413
1426
4502
5090
8009
8077
5227
6169
8909
2625
6915
6456
5818
3944
3805
3531
7637
7808
6572
8488
4639
7822
8866
4218
6708
8672
2210
3976
7868
9079
9584
3974
8432
5402
3779
8493
4075
1260
1345
4810
4800
7117
4283
8312
9043
8174
2175
5770
8531
2679
2131
9228
7899
5653
8057
7739
1183
1556
5470
8283
5512
4796
9011
2497
3288
5689
6338
2075
2010
3283
1759
1740
4532
4738
2647
6590
2226
7179
3173
6951
5671
2039
7236
9970
4023
7218
2122
3816
1209
6481
1841
7847
1482
7183
7042
7487
4322
5436
8071
7246
7043
4366
4200
3616
8355
5916
4648
6196
5639
1398
5699
5579
9525
8807
4572
3570
4853
3143
8445
6172
3052
7634
8625
7675
8101
8456
8629
3431
2536
7560
7506
3755
1672
3720
1028
9278
5089
8925
5625
6427
2435
2385
2000
9310
2549
2719
1548
5123
2764
3466
3742
3958
2538
6783
2729
9550
2360
9861
2151
2990
5197
1420
7187
4268
5403
7530
3524
7800
7583
8046
7457
6614
5929
9018
5685
4833
9619
1390
7607
9802
9241
8770
7347
1594
9195
9347
1384
1687
4478
9961
3335
2604
5411
9564
2932
7242
7297
9786
4900
2094
6419
6388
7912
3637
3737
8084
1864
6268
4871
8271
2577
2843
5658
1555
2370
5957
1306
2328
7482
5154
9725
7528
8079
8738
4050
5661
4599
2097
2766
1602
9021
4492
2659
5054
3593
7668
4169
9214
5720
1988
5530
3226
4468
6940
1173
2806
5467
8746
1949
6347
5570
7080
5850
7079
7645
4541
2501
3516
5616
9765
9764
6517
5366
6057
8353
8517
7724
7466
4969
7974
4948
7346
4121
8888
9948
8763
7175
7031
5151
9156
8690
9916
1967
6118
4002
3372
8293
4310
6516
5013
9421
6400
4337
8839
8093
3121
8099
5777
4529
4780
9904
2134
7431
8989
6531
2526
9420
2135
7903
9298
9544
3287
1698
2040
9348
9212
9445
1032
4626
5856
7061
4267
2715
6755
1084
8847
3442
4487
3717
7106
9223
2896
2053
7289
9722
6520
3879
8511
9602
7407
1484
7983
2222
8043
8577
8575
3649
8761
9293
8298
8875
8936
5787
1322
4578
8643
7569
8927
5516
6003
2653
2518
6302
1966
7694
6806
9324
9110
8102
1682
5351
6989
4387
3078
4481
9251
3566
2668
1453
5607
4553
2630
1541
3290
3407
4980
4028
8884
1920
7721
6240
9360
8708
9308
9741
3400
5099
8100
6561
7719
3168
1152
1100
4195
5669
3472
4419
5250
7190
3761
5191
8586
1522
9258
1437
5617
4301
4899
7126
8853
7279
7629
8476
3998
2712
9736
9621
9551
4951
8215
1424
2923
5933
9932
2643
1374
2408
3313
5682
4037
6445
7652
3058
7756
6026
9115
1114
9470
9542
2683
8658
3397
6170
7067
8887
5580
9131
3576
1132
4034
9719
5389
9194
8539
6214
6202
6576
1952
3152
6887
9399
9783
9083
9808
9706
6586
6766
9461
9451
6115
8851
4804
9901
1730
8063
2986
8503
7049
6504
9409
9831
4460
2565
5952
9455
2104
9677
6402
4110
3207
1739
6179
2836
8457
9150
7849
2060
4641
4422
9607
8194
8375
8526
2660
3344
2529
6538
7222
6056
2206
9626
8822
7794
7863
9397
4506
4323
5228
7113
8857
8220
4161
6364
2402
4399
3072
4887
1361
6737
3159
9648
5992
9670
3092
2260
1252
2942
3155
2548
9492
1467
4271
4304
3129
7244
9936
1569
3044
4219
5939
9702
7148
9560
5743
7799
6533
7552
9034
2283
4917
7275
3814
1617
8092
8907
1229
9897
7706
1611
4127
8911
6249
4437
9119
7722
8358
1141
6372
9125
6594
9801
4661
8239
7841
4618
5084
1806
8373
3514
8745
3707
7941
2740
1587
8195
2558
5750
3522
3646
5414
1709
2350
2056
5863
7176
8203
9265
3435
6914
8749
8985
9645
9964
5786
2866
6475
4319
5882
3405
3823
9363
5650
4634
2881
2378
3032
5538
9172
8069
5782
8803
4298
7964
1603
7146
7354
3316
1939
7403
8507
6132
5822
2017
3369
9535
6638
9980
9285
1820
2444
1941
7737
7025
2298
6529
9953
7936
6633
4896
3329
3686
7258
1422
4013
7815
7008
1626
3732
1637
7125
3632
9242
6945
5481
5313
6882
7059
1323
5355
2406
5277
4834
3534
9990
7880
1871
1947
7436
6908
9776
6876
2667
5367
8562
4248
1397
9807
1863
2422
1741
1413
9247
5710
7962
9317
9091
6348
6260
7757
9734
5936
6532
5049
3263
7586
9350
8415
3591
7913
3027
4846
3241
5951
2209
5602
1475
5634
4177
2553
4902
4651
6500
1862
9695
3321
9102
9031
4801
3471
6634
7211
7274
2966
1951
9848
6665
5262
6941
3187
5174
7524
4139
5210
4360
1308
2348
8798
7656
7368
5747
5990
9073
2461
5905
5268
1928
7355
2928
1330
4504
2389
5184
9729
2117
2340
5176
8594
8025
6741
1718
4162
2747
8897
2619
6598
8365
7544
9810
6833
6180
5792
2610
7389
7705
2894
6888
7843
4227
3982
3261
6571
3596
1825
7872
4852
4371
8058
1719
7022
8139
1402
3294
4797
6185
1222
5937
5948
2196
2785
5817
1536
8792
9233
2830
3133
9567
8280
4433
7759
6021
6027
6764
5140
1802
2746
5037
1473
2547
8413
5456
5127
6251
3978
8255
8655
8651
8216
6326
9255
1934
6917
3876
5563
6093
2218
8570
3804
4329
5506
3510
8983
9599
1766
3084
8184
8455
6418
3018
5885
6210
1219
7414
3002
1627
5881
7372
2493
8817
7149
4339
8735
2644
6714
5303
4977
4156
8694
9351
6370
9508
3916
3257
9720
7180
7395
4753
1903
9301
6955
3012
8357
1236
4409
1167
4812
2069
3930
7842
3001
4379
5619
7911
4263
2876
2855
7513
1589
2217
3508
2592
8967
1329
3630
2259
7511
1660
8687
8755
4554
8076
3144
3390
8031
4060
3582
2003
8343
4378
9960
7027
5511
7882
1120
1882
1151
5001
4602
8132
2249
2877
3752
3843
9743
5872
3065
5108
2466
7636
7392
1731
3364
1649
3535
8049
4534
7130
4565
4890
4513
8610
7250
3096
5109
6618
3281
9498
5005
6716
6740
5129
8396
7585
7196
3425
2257
5067
2390
4828
4669
5207
4518
5078
9773
5841
8865
3436
8512
1368
1914
3330
7520
6340
2427
1938
5888
5721
6162
5271
4241
4300
4842
2612
6637
7618
4633
1888
3428
6354
2149
8980
7387
4863
3365
9895
5949
8924
4130
6559
4249
5003
1369
2780
7378
8241
8934
7016
4489
7108
6450
5181
7433
5535
4011
8675
3378
9693
7442
2248
4117
2535
9649
1668
4160
7422
6760
5940
2904
3642
4203
7677
7684
4085
5272
5398
6032
9919
3886
2769
9163
7933
7336
4020
2453
2327
3361
9971
2727
3609
1051
7201
5136
8574
6623
9000
4175
5869
7202
3200
1565
2611
3009
2214
1674
5849
7205
8199
2491
3693
6549
8187
4251
1247
7935
9462
6587
5393
8297
1086
8335
2425
8990
2654
3767
4845
8894
6392
4829
5629
3202
9448
5487
9410
7404
3296
9481
6414
9885
8487
8422
1896
8867
8828
8205
8180
9129
6015
5400
8572
4827
5379
1234
3796
2413
1166
8951
3817
4142
7836
5604
2602
7267
2185
7869
2570
4416
7891
5451
7582
6395
6063
1514
7459
8952
9696
7044
8218
6823
1991
9595
4131
9432
8541
8393
2451
7173
1430
9522
1054
3626
4083
4097
2109
4624
5909
8409
8904
2989
6177
4001
8619
9875
5300
2384
6355
3323
3864
1727
6499
5551
5353
1654
4751
7562
1339
7375
7209
7726
6674
1770
9906
8428
3711
9812
1137
6393
5118
7500
1465
7925
7189
6894
5255
1193
9601
7633
4369
8704
9727
2315
2184
1382
2433
1615
5317
8611
4311
8994
6966
7364
6273
5315
5746
5370
9958
6661
5429
3574
4590
2374
9008
7472
9164
1915
4924
8502
8345
4975
7580
8362
4265
6926
3674
8616
2862
9991
7686
9016
5217
8521
7783
3367
5238
5004
8479
9963
7593
7749
1150
2524
1768
4015
2936
8266
4769
7400
7617
4937
1359
5057
5921
1853
7735
1101
3997
9477
8177
4102
5284
8543
7741
8044
1804
6029
9474
1816
3956
7171
7602
8157
7493
1310
8494
1616
6320
8289
4372
3353
5842
9161
3386
4874
7782
1245
2527
5589
8765
5337
6985
7793
9468
5590
8405
5815
1623
6906
6405
8720
3985
1503
2349
9262
1072
9066
6263
7698
9403
9385
4036
1191
8953
4808
5437
1439
8635
1633
9533
9356
8090
8886
1899
6290
5907
5000
4344
3579
7065
7714
6315
1412
4527
1292
8883
6721
6466
8128
9136
3885
4913
5009
1979
6105
4847
3678
5741
4748
7765
4647
4664
7477
8477
1713
9491
2976
1769
6544
6703
5266
2702
4962
5041
7238
8848
1107
5793
6090
8921
2758
6098
8920
9127
3153
8756
8041
9042
1160
5304
2709
4239
5946
3792
9412
8466
2695
3299
6999
3555
4889
7452
4515
1921
6028
4254
5968
6817
8811
3493
1639
7733
7029
3213
8035
6820
8639
3592
9141
6304
1284
4883
8849
7543
4233
5460
1474
8740
6124
2450
6904
7957
9934
4396
8923
9400
2496
1276
6406
2325
8843
2980
8440
2147
7318
7548
3615
1317
6553
3776
1125
8664
5993
8021
2964
6097
6292
8423
3275
2609
4442
4627
8736
7631
1607
5494
6100
2180
7932
8387
8666
9791
4217
3938
5681
1953
9243
2293
8528
6707
9120
1045
8223
5651
9075
4288
2645
7716
9666
7247
6536
6723
1161
6014
8522
4189
7521
6030
6541
6779
2909
2760
2099
8631
3794
3979
6325
2186
6344
9518
8167
5987
5019
8705
1251
3420
1748
8973
6702
2110
4297
5125
9841
6936
5903
7963
2362
8491
3142
6956
3141
4989
7306
5110
8094
1835
2054
3061
9167
9744
4727
6492
3585
1415
4262
2083
8556
4221
2762
9534
7255
6683
5923
3568
1965
4064
1558
1751
7914
7421
8147
9903
4573
1450
6151
3249
7529
2159
2156
5677
7870
4342
2073
9415
2671
5083
6793
9798
4620
2155
8433
1047
5862
1596
2961
5865
6859
3862
1656
7156
8346
9506
4587
4264
8537
8724
7121
4732
7331
9405
3578
4528
9033
6379
3966
9027
1789
1943
1123
5458
7093
2234
1667
4894
3905
4214
7702
9393
7496
6142
2962
6743
2233
2124
7644
5086
2228
5447
2308
7774
8152
1942
9332
6352
4240
4635
4125
8908
6034
9446
9781
5526
7594
7365
6215
9202
2689
1677
1157
4759
4390
7319
8852
6070
8943
7335
6473
5712
4697
7955
9894
7874
7563
9581
2750
6545
3076
8837
1495
2420
3662
2459
2811
6525
1551
9084
7767
5221
9077
1797
7341
3798
3595
8782
9335
9659
5097
8878
1060
9681
2446
1834
3440
3377
6569
5605
7159
5803
8576
5665
9769
9995
1746
2974
3020
5441
9931
9966
2981
3511
5767
2168
2706
7821
7338
8310
2247
4855
3635
3992
4713
9733
9149
4315
6925
9276
7301
5652
8360
8998
9435
8944
7467
4928
3902
3276
9832
5778
4434
2795
4612
8544
9701
3175
8156
7440
3676
5439
2267
7262
3393
5469
6337
4848
1662
8592
7366
5986
7483
4943
5247
2859
1355
7902
1702
7040
1736
5280
9182
6234
1122
2994
2221
5392
2770
4663
9354
3838
3114
9088
8725
7625
8452
5495
1890
4324
1305
3279
9036
5550
5348
4584
3056
4836
2633
7805
4111
7321
2304
8231
7670
8823
1003
7481
1857
4891
4465
5335
1318
7385
4347
8831
4679
9869
8222
1253
9022
3853
3404
8052
6361
8489
8604
9751
3139
5421
1907
5075
8729
3539
9045
9847
2258
2867
2016
5836
5966
7988
2116
8623
9636
4084
8686
4530
5858
8149
5648
1970
9056
8961
9440
8957
3584
4583
9638
9480
7642
1689
2018
4791
1380
5455
5572
3704
3858
1143
3935
8542
1836
4525
3657
7450
1737
8808
5076
6122
8475
8295
3922
2092
1347
8647
9704
1950
9271
1762
5870
9505
2236
6192
5857
2194
6284
5438
4711
5311
1326
6681
3995
6113
2277
4576
6629
3174
1628
6706
6953
8228
9641
6080
6663
7235
8646
5983
1701
9438
1735
6187
7876
5490
6050
6257
7033
9588
9094
1407
1645
4120
9910
5868
7039
4441
2438
5667
4556
2330
5288
2019
2478
9268
8242
7784
2569
7825
8730
2651
3738
4305
3090
9135
7276
7005
6009
2869
5508
1301
7272
3557
1650
1851
4296
9887
6430
9442
6005
8772
3851
3434
6575
4682
9671
6775
3204
1742
6048
6719
8478
2804
9509
8089
1796
7150
9920
5802
6040
2029
2341
8986
3110
5654
2573
7475
1697
6012
4817
7351
6221
3476
4878
2294
1720
5586
8019
5552
4033
4260
8810
2676
7398
3601
7997
5046
9093
3066
7002
3188
3599
8877
3672
1546
1409
2416
5394
1902
6530
9914
7922
5147
2300
6019
1568
6022
5096
2417
7700
3394
6206
1039
3291
3833
1194
4593
8915
5534
1666
9684
7449
7540
8649
1017
4080
5457
3232
5081
7753
1133
8578
4875
3774
7374
3491
6630
9254
6195
3351
4420
4272
1969
1429
3357
3869
8846
2741
1690
3095
6444
4925
5468
5166
6801
1096
8448
6313
5848
5428
4991
1733
5201
6858
4187
5823
7885
2835
4426
8949
8330
6483
8893
1237
8895
1821
5338
2108
4469
3610
9728
7010
6861
6242
6770
9600
9616
4923
6886
4926
6756
5331
1883
5944
9946
7138
6810
5164
3224
1703
7460
5668
1336
5485
1410
2177
6476
2216
9306
3395
3597
3382
7287
3478
9379
1449
7245
1539
4610
3105
3540
4872
9475
7626
3640
5229
2295
3100
9855
4405
2879
5541
6875
6081
8660
8447
9237
5157
8018
7492
9039
9900
6593
1850
7434
7655
2541
5173
8204
4031
3503
6497
8739
2458
8982
3839
4113
7590
4761
7606
4459
5167
4720
4086
7225
5193
8005
5020
3077
9391
9032
2551
2884
9589
5473
7303
6543
2580
6053
7598
5043
2684
5915
8776
7122
7105
4062
6099
9585
7609
4809
1889
9370
8693
7142
7072
3897
3927
2020
8066
2178
8053
7525
8896
5024
3700
7669
8992
9925
3240
2211
1900
1344
4880
9323
4348
8783
8301
8125
8585
1567
5246
9001
4232
8796
6460
6807
4280
1893
3028
2011
4211
2588
9362
1968
7432
2708
3445
9749
2326
7750
4116
3701
1803
6694
7751
6296
8757
7386
6293
9482
5776
9376
5026
8709
4589
8469
8838
2087
3047
7956
7857
6742
9654
7763
7418
8630
5528
6910
5231
2745
1494
5285
2290
4041
9642
3070
6606
4508
4381
2329
7921
8914
4830
2205
7344
4856
7470
1512
8238
1158
4767
6137
2044
3575
9846
9664
2035
8800
9487
3325
1038
3342
1729
2335
7406
5688
8498
1393
2907
4662
9656
6898
6084
5219
7742
1738
6794
2579
1408
3079
8744
4655
8692
2161
3542
1052
8088
8768
9608
6342
8213
5220
1521
1675
4147
3675
9218
9349
6319
1095
1177
8461
9617
9830
9779
8291
5795
8673
9983
8628
4867
9968
6247
9795
8731
3383
7596
2534
2637
8262
1226
3507
7648
3327
6194
8399
5919
1238
7771
3031
6018
4222
7531
9179
5484
8171
3246
8981
2090
3376
5169
3590
6540
3624
6816
5224
7828
5116
9644
1898
4397
1714
4598
2661
3697
3057
6765
7081
1545
1005
6515
1523
6422
3022
2650
2397
6855
4963
7532
7445
9515
6209
1280
6736
5352
8210
1874
9484
4794
6311
8902
7182
9155
8778
6424
5644
1859
9878
5514
3458
1916
4549
8151
6230
6828
9882
1089
3486
7427
6168
8582
2977
5678
5012
1530
2343
3258
4223
7683
4363
5813
7357
8661
9175
6141
3915
9908
8454
6924
4275
7315
6620
4159
5596
6277
7581
2635
3903
2572
7426
9340
5816
8523
8856
2312
4349
8788
8212
4722
3644
2925
7709
2515
7959
6808
2512
7234
9443
6262
9947
8812
9792
3971
7920
6310
5906
8334
3004
9269
8706
1421
7410
7769
6918
9227
6862
3685
5488
2498
8515
9694
1290
9357
8162
9040
6944
7227
9023
6654
3529
7454
2861
5745
9512
8318
3014
5606
1852
7280
2314
7860
2938
7979
5314
5748
8431
5643
8237
5789
6461
6967
8130
8891
5581
2831
9342
8258
2239
8073
9260
3328
5592
4101
5892
5928
7154
3074
2634
1040
5163
6441
9974
3945
9521
6514
2256
9186
9209
3051
2382
8481
6232
7578
9969
9307
4282
2089
4814
5927
2560
6467
7458
7591
4930
2783
2321
2473
4149
2776
7330
1021
9081
8243
5453
2550
8120
3312
7177
9221
7468
6046
8074
2587
4733
8136
3438
4718
4475
4560
3830
4255
2167
5240
8388
4404
4615
2123
9700
5641
9292
2893
1477
5100
9593
5104
4198
6438
8859
3280
5774
4746
9472
5830
8324
5252
1295
9724
4714
1972
4638
1824
7852
9054
6827
4750
7830
5281
2316
4313
8743
4749
7264
4740
1747
9504
6227
2594
7120
9501
8663
4650
5492
2773
4170
2387
4309
1723
7063
4710
5048
4982
6049
1500
8551
5828
7792
6519
5022
7268
7660
1785
5932
7417
5827
1538
4067
5347
8790
8273
2756
9652
7601
6328
9232
5070
8065
1728
7776
2464
4667
7415
4786
7651
8588
4862
7028
8759
3627
7628
7519
5301
5571
3123
3234
5476
3906
8336
2870
1080
9270
6975
4603
5122
9319
6489
3225
3786
8207
5515
3024
9820
2337
8972
9108
1366
7624
3854
5360
6968
8918
3623
2476
7241
5910
7738
6281
5529
7928
5059
8722
3605
5205
9206
8059
9378
3743
5962
7310
5997
5415
8999
1599
2672
2421
9507
3473
5276
1198
2154
5350
8591
9766
7908
5683
4388
2269
1808
8627
3993
1202
4658
6454
4208
2285
8497
7074
3068
4825
2093
7237
6360
9840
8626
3267
2305
8108
2673
7814
1814
2125
3302
3661
8727
4088
3453
7132
9543
9690
9843
2917
1069
3124
2937
6282
3733
2166
5904
6950
6477
3333
6486
7021
5783
7816
6188
4174
3082
8397
2428
3104
1358
5521
2703
5860
6011
9456
9107
5426
4958
7966
4933
1721
3005
6643
3017
7619
3236
4546
6979
5810
7135
3319
8530
7916
6632
2051
7294
1058
9047
5419
1025
9909
8248
9849
8337
6850
2812
2065
8667
5159
2914
1147
2143
9774
9531
6213
8546
5702
8024
2346
3487
2023
8129
9205
8250
1524
5045
4879
8395
5079
1696
3617
3182
3734
3060
8948
5769
3337
5766
9429
1204
3230
1176
3873
3827
5242
5973
5406
2322
6161
2220
9037
3611
2820
2613
4024
4440
8305
7036
9752
8484
4228
5032
3750
6120
2132
5384
8930
8190
2578
7313
7924
6101
2191
8038
8641
2754
8931
4061
7951
5509
4787
9067
8741
9686
1681
7623
4359
5752
2418
7564
7263
2919
9256
7170
2833
4057
7233
6253
2266
5645
6784
9145
7343
6297
3186
3677
8123
5418
9048
6971
8609
9993
9923
6308
8514
9713
8606
4813
1423
3604
4919
1930
8287
9355
5547
5225
9169
3913
6038
3190
3167
3581
9631
9881
4421
6622
1118
7886
3113
4076
9183
1030
5666
7041
6006
4376
6928
9797
6585
3972
7576
5038
8928
8850
6074
8244
9300
8007
8117
9986
2055
8080
1265
8659
6469
2724
9394
3026
4122
3322
6727
3754
2897
1364
4654
6690
7479
7416
6088
9122
4868
9955
9166
1258
4952
4607
2334
9499
5754
4205
6511
2299
8002
8416
5635
7573
8669
5361
7429
4520
4154
6840
9676
9009
8758
5647
5378
4238
4754
5092
7224
9444
7216
5945
7831
9425
9852
5692
5248
6167
4723
8970
1163
5068
3619
7542
9957
6269
7111
6685
7775
1024
8504
3154
7835
5959
7050
9025
7942
3156
1870
1395
8206
4431
9465
5065
3439
3109
6731
1435
1403
4370
5568
1905
3504
1036
6802
4087
7349
8144
8559
6812
6245
1608
8282
5733
9390
8593
1878
8127
5588
5898
4815
5831
4118
8463
5613
1791
7840
4744
6434
6747
4729
6804
7546
5160
4888
2170
4695
1792
5007
5525
3089
5965
8555
6401
2477
8091
8947
4512
8734
2704
7140
2931
9180
8815
6220
3426
2669
6345
7612
5074
1499
1664
7090
5409
2070
2825
5196
2160
8728
5918
3054
6627
9392
4498
2071
6507
6626
5298
2409
2544
9046
8937
4351
1865
4637
4540
1446
4640
7715
7745
8583
7328
2144
8650
2814
3192
1833
2988
4898
5149
5222
6649
1119
9277
2038
9698
7309
6274
6197
4675
8684
8913
5425
6317
7228
5724
4144
4443
7838
4383
2838
5985
3712
8252
9334
9988
4330
4702
3920
5725
1210
5133
1579
3254
7253
1266
7217
1192
1220
4070
9291
6144
6822
2599
3211
3811
2480
4025
8155
3825
1092
3989
5656
6946
1262
1340
7089
3064
5958
7213
6413
4628
4018
2510
4082
9572
2711
6693
8004
8997
1860
8328
1319
6686
9718
6767
4126
4471
9858
6997
9794
3488
5226
8554
7658
2447
5234
4021
2763
3633
5283
6667
9606
2181
6639
9464
6359
5771
9891
7254
5413
3401
6470
7826
9770
1351
7277
5697
5713
4835
4735
1621
9128
6676
8670
6148
1299
8451
4054
5759
2902
7393
6110
8773
3544
6969
2568
3556
4312
9516
8958
6912
9208
7696
1171
9002
2041
6112
5499
6384
4944
1987
6603
7085
3120
4905
2024
8370
9854
5260
6983
7998
3160
1847
3414
2280
1189
1964
3115
7900
7376
1559
9116
6678
5839
4795
3362
9793
6371
3513
9177
1671
1221
7136
3021
4859
4548
7384
5631
2575
7169
2844
8333
1211
5623
5230
3818
3248
4984
3332
5562
8910
9640
2202
4368
8407
8391
3494
6075
7194
3933
6954
3887
5021
4259
4246
5798
2834
3793
7610
1174
2195
7599
8164
8900
4346
8374
8294
6903
2139
3228
1463
6913
4832
7971
2666
1241
1263
8381
9857
4009
1688
5728
5877
5594
7824
3550
6930
7399
4247
2582
2355
7243
9862
9087
4216
9377
3210
1249
7295
2759
1593
7405
2930
5306
9873
5934
6382
5890
3641
6259
4286
3195
7952
7300
2419
9503
7423
5878
7485
6993
9231
9140
7266
1375
2393
7829
8030
3347
8392
4261
2771
5088
4299
7320
4181
6879
1460
6140
4095
2265
3271
3525
5023
5914
7133
3537
2503
7239
1887
9548
7862
9329
9907
5243
1255
1311
4706
5245
7565
7501
6432
7917
1612
9620
8602
3034
3384
5705
3410
6243
2755
5135
8236
5156
8145
4477
1673
9637
5066
7107
8814
4998
1377
8246
7875
1240
8412
3932
2057
6064
2968
1146
5034
2971
4956
9238
4250
2951
8325
3775
7790
4242
4614
1822
6149
9398
4252
2911
9692
5960
6761
6199
7103
7646
5427
4586
9497
8529
7918
4039
9118
5138
9800
4858
6343
6642
6163
9452
2400
6157
2394
8703
8424
5251
9322
9539
7360
9742
4895
8385
2699
1288
6506
2095
8885
8942
3636
4485
6246
4656
3918
7013
3148
3548
9190
2197
6825
3848
9661
5082
7970
5834
5187
3813
1087
4176
2271
9611
2735
9566
3227
6799
6666
6996
4886
3293
5444
8892
9085
6094
9059
9679
7577
4190
8889
8754
5544
9337
8322
8844
2761
3891
7017
9336
4413
6656
6688
4788
9598
2100
3846
4467
3521
1316
2890
6712
9730
3923
3046
1854
1376
8105
7006
2581
1379
3301
2297
4981
6725
7556
9428
3561
7461
6485
5319
8640
2284
6528
3162
8553
1389
2984
4691
3659
9358
4010
9496
5503
1431
3703
2454
1215
5537
1788
3352
9639
1819
4882
1224
8104
9284
6513
3298
5309
9494
7570
5368
6995
7066
4897
2333
7851
1881
8460
4040
7057
5060
6442
4114
3650
7119
2460
8917
2738
6184
1208
1148
7929
9576
6233
4358
6718
9850
8006
9949
5199
5895
6205
2596
5373
1856
8580
6838
1188
1552
3171
6468
9071
2941
4188
6687
3284
4840
5269
4380
9669
8176
3103
8410
4145
8200
9433
6523
7068
5375
8474
1945
5924
4402
8010
1111
5518
3957
7151
4226
2655
2489
5840
1228
2331
2251
3562
4281
2929
4760
7094
8257
6724
2032
2176
3758
5202
8861
1901
5969
5809
7755
2915
7584
7801
9678
3039
1566
7137
5354
1031
8642
9476
1586
6278
5935
1977
6878
5443
3594
1216
1715
1307
2481
6300
1658
7588
2246
5369
4045
1527
4450
3647
3013
2853
1632
1717
6774
2245
1876
9191
4954
2431
4559
2983
5390
3163
2025
4768
9151
1010
6596
3003
5374
4613
6907
4461
5466
5448
3454
9942
9007
8126
1815
9999
5845
1454
6312
5039
5920
3203
1996
4151
6669
7342
7312
6463
3551
8372
5336
6135
2513
7278
9502
1925
5727
2141
5545
1156
8235
5139
8780
5214
7661
1764
3973
9876
1771
6920
7981
7909
3855
4864
6143
3307
5696
9537
7597
8905
3835
5264
7259
7396
6318
8264
8525
3067
7515
2074
4455
9126
5719
4449
7766
1904
4078
1692
9459
4860
4717
3921
8219
8858
1638
2371
4762
4771
4922
9261
5543
5058
5527
9672
9768
2033
8308
1425
6964
6265
9898
7401
1427
6443
5900
8644
7820
5148
1846
3197
1665
9870
5611
7505
8214
1444
9068
4959
6235
7894
1108
8349
9805
8153
7614
6652
9490
1829
1164
9188
5912
9144
8962
6757
5967
1716
7662
1264
5704
5540
9976
7084
4539
9395
8685
6939
7291
4631
5576
9922
4820
4307
9374
4681
3586
1011
7314
3368
2061
7931
4451
4499
5768
9615
9341
4881
1197
2662
8774
3797
3785
7488
8179
9236
1655
5305
6851
1201
6809
8500
2768
7334
1959
3960
5989
9973
8681
9819
6116
4035
4821
6891
3890
3373
4953
1416
6108
2026
1711
2275
9771
8332
6839
6047
6501
8029
8674
1456
3963
9868
4109
4516
9295
6095
8033
5662
3107
7362
2933
4764
8160
2693
2987
6845
5477
4756
6295
2608
5531
9938
4632
9240
7498
5474
4237
6659
4235
3489
8352
2506
9280
9813
2713
9148
5044
5659
4600
3710
5941
5556
5073
4731
5377
1562
6636
6203
5964
9959
2531
5601
6658
8691
5846
6867
1525
5077
8802
6841
7703
2749
5788
3836
3718
2103
1501
6394
6279
4270
6664
1285
7732
2819
5161
7062
1760
7846
3840
4914
2744
7382
2319
3692
8331
7273
3465
9113
1618
9057
4008
1016
6564
7812
2939
4758
7877
5056
7325
4424
8369
8209
3654
6577
1993
4108
2705
2046
4173
9467
9726
2591
1009
8624
7214
8726
1026
6061
9453
1363
9388
8793
7298
3201
4334
3256
6092
8350
4137
3172
2235
8261
8471
4659
1185
9044
2007
4172
5971
5198
6181
1726
2037
6555
9605
3986
3691
1007
1957
8095
3006
2543
2626
9165
3389
3991
2847
2731
3126
7773
1462
2972
4558
7937
3196
6881
3221
9893
4939
3266
2816
8354
9471
2006
8599
9331
2157
4819
2900
4410
5837
1127
6420
8014
6431
3519
8513
3819
2376
5093
1487
9216
2130
1598
8620
9372
9780
6748
9012
3910
7982
7780
8441
3392
3449
6778
5047
1936
5232
4685
2078
2404
3881
5480
9945
2050
2687
6417
1582
9590
9950
9540
2963
8028
1136
3233
2347
3189
5189
1312
6923
5633
3262
9408
1884
5236
1844
9197
5558
4014
7110
8418
5091
5716
8613
8737
6383
7102
9483
6066
2213
4374
4129
5380
5897
6981
3726
8716
3430
1754
8402
7465
1070
5819
9060
2225
1438
5339
8964
3607
6863
2631
1600
9431
6286
5732
3533
6258
3178
2027
5582
6758
2779
5388
5267
6244
9561
2148
1680
2677
8226
8279
1128
8603
2892
6730
4308
2799
2743
3698
8527
4996
2002
5751
8078
3735
6697
9287
3828
2765
8699
2934
6171
6323
8386
3250
9924
2959
8042
5578
9441
6578
1370
7380
1088
3565
3739
7803
9294
6239
3242
4728
5821
7906
9874
1277
3043
8662
5172
9105
6487
4423
7095
3286
8766
5884
6696
4290
1103
9866
7439
4805
8617
9710
3618
4355
3289
5287
9889
3305
7054
7261
7889
1257
6322
2174
6589
1115
6836
5027
6104
4562
6252
6624
2188
7986
3577
5513
3270
8307
2080
9996
7071
9316
8426
4745
9053
3147
5291
8347
1992
9580
3628
2868
9024
2955
4974
9829
3370
9998
3528
2533
3424
5261
6153
1033
3191
3722
8805
8172
4141
3652
9117
6036
9911
8558
1496
3451
8453
6815
3559
2697
4606
6043
7091
4224
1303
1020
2692
7999
7208
3877
1580
5800
6331
5286
3564
3810
8425
3427
4335
4683
6938
2441
9545
3403
5701
5072
6552
1790
5584
8903
5170
1980
1455
8978
6189
4056
2179
3497
3461
2664
4839
5029
5804
2111
6111
9026
6777
9532
3475
2472
8979
4364
1244
5546
8233
5461
1046
5523
2274
8148
6682
4581
2889
2165
4947
7615
9892
4851
8926
4428
8968
7879
6691
7157
6451
7317
9930
6539
8121
2978
7070
9157
8632
7001
5657
2828
2012
7701
1973
1056
7621
7736
5053
8752
9454
1849
4212
8890
6527
5765
2824
8612
5208
9663
3909
2639
9100
4523
1297
4321
3638
3055
7980
3169
3297
3161
8229
9803
9864
8082
8303
5382
6814
4807
5363
9890
2398
7163
4970
6256
4483
9528
3600
5826
1635
7186
7947
5397
2215
1560
9836
4555
9650
9965
3634
9806
8449
4490
6449
4742
6735
9114
7419
7728
1076
5486
8112
8565
7060
6376
3341
1298
7545
1986
9407
1753
5600
1478
5211
5396
4719
3343
9655
8596
7965
6787
6410
1906
1663
5471
6811
4892
3309
9320
5726
7020
1023
2674
2396
8118
3571
6067
7350
9488
3127
7953
1585
2442
9683
7768
5440
5832
2356
5258
4486
9767
5917
1879
5239
6421
2595
8567
4941
4103
4968
5399
7383
5182
5417
3366
7092
9314
2223
5340
6452
6588
6381
6657
4623
1575
6720
3049
3790
9076
8561
4579
6534
9554
1975
7412
7167
3898
5204
1378
4978
9248
9632
4406
8984
7123
3831
6568
3338
8265
6933
9747
4716
3099
2152
6496
4164
8034
1693
1142
1250
3252
2395
9493
3375
3348
6336
9613
6610
7514
5714
2605
1944
5686
9203
4119
4865
8824
4210
2956
8707
6377
1490
1830
8781
8710
1162
1352
9905
1872
5334
4854
9055
2767
6709
1270
4507
8863
2507
6759
1391
4577
6294
2511
1383
1576
8398
4725
9575
3895
4495
9675
7047
1232
9592
5593
1269
6147
6961
4066
4012
1469
2488
7989
6459
1037
8501
7504
9815
6183
1272
7369
2088
4677
8327
8364
6237
2368
3725
2430
1651
5273
9555
3669
6889
7747
2250
9086
5673
3029
5482
3527
7118
8589
4166
4773
7944
4927
9178
2528
3166
3955
9064
4563
2985
3119
8870
5632
4332
8401
2823
6446
1591
9072
1315
3996
8777
8166
6752
9716
3000
7730
7476
6412
2475
9090
7290
6599
8813
5052
5095
4621
1880
1090
9536
3456
1549
6079
1877
3315
2412
3304
9871
9717
6805
6873
8819
8138
6341
2805
2800
8267
1491
6704
9019
1858
7713
2192
1488
6644
8251
1563
3417
4870
8296
1294
9189
8227
2899
8996
7919
1018
5179
3134
7441
5463
2443
5899
7526
9366
5852
2014
9387
1357
3629
4522
4194
6224
1614
6671
4091
7692
6103
3713
1001
2905
3131
3583
5943
2898
1805
1924
1755
7408
8326
5655
5235
9643
7561
3904
5295
9735
8842
1917
9137
4752
5510
1313
3621
9286
9458
7611
1476
4269
3536
5998
5223
7269
1983
7878
3759
6673
3943
9297
1179
3218
5739
1281
5124
8835
6218
8912
6885
8762
4595
5549
6062
6648
3285
6831
2208
9510
2854
3791
4705
5706
8247
2603
1304
8718
7613
4112
1963
9635
8468
6788
3253
1686
2306
4642
4990
1131
4861
4816
1776
3667
7100
3501
5761
4143
2656
6846
1912
1104
1842
2005
2852
6502
7251
6008
7717
1799
3239
4081
8697
9142
1786
6447
3217
8769
2158
5814
1823
3706
2690
4680
8702
2238
4418
6695
2707
1535
1029
1910
8689
1006
4017
3598
2829
4824
4458
9579
1230
1700
1417
1483
3300
6332
3452
7446
2576
4601
8508
4400
9181
2818
6871
8464
4645
4920
2072
9625
5341
8253
3184
5117
5412
9622
4766
5835
3784
7381
4318
5672
2411
2532
7292
5723
4245
1275
6134
8051
7676
1725
1734
2817
3499
2052
8394
9375
1581
3777
3421
8015
1071
7435
9944
2486
1892
6219
7650
6351
1954
7674
2696
2031
4096
1767
9449
6864
2098
6834
9863
6992
1818
5131
1267
6749
5947
9685
5171
6071
4636
5737
7809
7212
2590
5624
3911
2022
9865
8862
2597
8713
8932
6821
8013
1214
1302
2508
1172
9153
2875
2949
9252
2790
1572
3481
5391
6035
6641
6211
4392
6453
6457
6396
9220
3235
6991
4158
2953
9500
8608
8371
6474
4382
8715
5642
2342
4747
7950
6216
5062
2514
3007
7359
7551
3179
5630
6145
8564
2399
9401
4574
8254
5194
2826
6962
7622
4354
5200
5599
2846
7178
5501
4484
7270
4320
7537
1085
4472
1919
2353
4220
8299
2616
2171
4389
3358
7391
1528
8443
4765
6877
4430
6929
6557
7053
1287
7507
3087
9380
3553
8747
9569
7884
9917
1479
4798
5764
7425
4191
4178
9682
5071
2794
5807
2008
5996
9918
4069
2273
3912
6684
4391
2242
6139
1067
4257
7574
8163
4482
3331
1929
4967
6865
3320
7210
2810
6901
2028
8764
2043
1765
3660
6248
4526
9822
2183
2292
9520
1574
2807
9235
5410
4877
7045
1068
9041
1999
7758
1155
1926
5796
1181
6404
7954
2632
4266
3492
6786
3526
6796
8339
5146
9827
4429
4904
8217
5693
1855
6763
4016
2640
4058
6060
8232
9987
9989
3740
6020
1116
9244
9814
2463
1946
8750
9667
6059
6503
3136
2137
8880
2995
2641
7672
7898
1404
6000
6558
9755
1235
8615
6228
6307
6829
1468
9311
6128
7873
5663
5931
7845
7035
3699
6133
7069
2522
8676
4921
7012
5801
6051
5536
1441
7538
5729
8717
9299
2204
3480
5695
2059
4793
8505
8437
3826
4594
6837
3999
4774
5423
5292
5646
4503
4072
2068
6241
5142
9912
7639
8637
4505
2663
5115
3547
4317
7927
7949
4052
4193
8061
5279
6083
6932
1436
1923
7495
1256
3042
8799
5565
6650
1457
7207
2474
4772
9978
6616
1868
2600
9259
3025
1583
8935
5861
6591
4668
9383
5165
6619
2358
8268
7871
1695
6609
1320
4670
2808
6238
7509
6713
8208
1008
8794
6495
2079
8178
1348
8956
3795
1271
6785
4544
9207
3729
7679
5162
1757
5422
4352
1831
7779
9527
1661
7345
4215
3688
2882
4345
6385
2182
1684
3866
8135
6647
7356
8124
5610
2874
6789
4146
2675
4185
5780
9479
2440
1342
1273
5233
1401
5365
5938
2424
9563
8748
3762
8419
9748
4163
2519
1246
1772
1828
8072
6349
4625
7198
7353
3961
1458
2296
5507
8533
3220
3219
6158
1212
3098
5533
3214
8276
4494
6798
4412
2792
8384
1985
9327
6977
3812
3045
2133
3094
7777
2291
1338
3954
3340
5637
2789
7494
1908
6860
6223
4325
3495
8300
7691
4026
4279
5926
3719
7195
2241
4138
4192
6565
8671
4274
8444
9196
5649
9065
4701
6573
1984
1644
6835
7155
6380
7223
3379
5203
7034
1196
4545
9104
1498
6602
9281
2999
7162
8860
6844
1517
4739
1679
6890
9074
5820
5324
7324
4408
5185
2786
1927
7534
5950
8995
4068
3030
1013
8309
5866
1813
9437
2730
8668
2140
2173
7512
8202
7720
5855
4411
1683
1758
6154
6847
8801
7184
1381
6566
8225
4907
3216
8714
1974
5598
4476
7438
2888
8150
1845
1470
4673
6065
7358
1057
8197
4843
5450
9038
8181
1371
7595
7249
7572
7026
2030
6375
4393
3019
4693
7665
6711
3665
4536
5464
5999
8569
8864
9842
4910
5472
3245
3893
1109
7608
5132
9101
7193
5302
3091
1094
1685
4521
7549
3443
1053
2357
7007
1573
2405
1544
6031
1630
1242
7834
6176
6970
5791
9629
3656
1168
7895
7788
2240
7518
5875
9591
3764
7958
9573
3040
7516
3671
9754
4098
7064
8435
4698
5345
6458
8882
9344
6254
8742
8959
4844
7923
1062
3965
7975
5244
6321
4776
1724
2268
4736
2686
8573
8430
1061
1706
7904
5094
1958
5491
9174
9673
3360
3238
7510
8020
6357
4051
9604
5150
2262
5362
2555
6857
9519
2822
5087
1948
8809
3948
8191
6570
3265
6339
1074
5627
4580
3608
8597
5175
1732
6726
6435
2429
5462
9211
1515
7051
8845
4737
5449
1532
7559
6390
4071
7536
8376
1044
7147
5691
7000
8062
1254
7554
9668
7226
6990
2318
2367
7797
7746
9305
9381
7192
6689
6893
1083
8940
1331
7761
5664
4704
5186
4721
8344
6389
1989
3631
4497
8363
7888
7533
9330
3251
9328
8368
3837
7260
2969
7789
2403
4167
4356
9106
8787
6089
4140
3730
9313
5608
2796
3496
4213
9646
2096
4966
9952
1810
4183
2858
2566
8784
2169
5209
5212
3292
8492
3969
4972
5763
2359
4678
9549
6937
1529
5640
7447
7976
5064
5215
7473
1000
1493
9250
6653
9552
7666
2944
5195
3132
1165
8003
3939
9224
7191
3567
3441
4617
3151
9160
2732
7206
1962
9835
5016
2047
9623
8872
6546
9740
2118
3806
9597
6773
5442
3350
8390
3457
7296
6267
9817
6255
9739
2502
1077
2145
9821
2739
8201
6579
6127
7712
4128
3183
8380
9192
5703
1504
1354
5290
4757
3278
6208
7883
6560
6813
2845
4230
9513
5405
6717
3467
1531
4353
2809
2150
7844
1178
2339
6455
8701
4047
5679
1448
5564
8114
3714
4709
8367
3620
3050
9833
3086
7474
4775
6866
5190
9382
4949
8688
3450
2517
5824
3983
4510
4999
8547
1289
3558
3807
9778
7484
2455
6212
7566
1640
8579
5114
6625
9416
6146
7897
8898
4179
8712
6374
5479
6415
5294
8146
6276
1286
5069
5879
8775
7073
3517
1750
7704
5101
3446
7680
8329
8230
7502
2678
2918
7469
4712
6692
2815
6750
4456
7099
7480
9981
1180
4196
7967
1657
3959
9703
1004
5636
1259
3138
9651
1334
4543
8634
8955
3198
6582
8045
6974
7968
9080
7667
5256
4567
9229
3953
6628
9159
5031
3177
8263
8186
2982
2991
2589
1613
5063
1248
3412
6129
5408
2873
5660
6556
4133
7503
2878
6416
2212
9721
2636
9758
6016
8060
4234
1513
8317
1372
5120
8272
2691
9530
1135
9173
6125
1554
2062
2366
2311
1605
1839
4365
4585
5505
1812
3349
4030
8022
3580
3860
1063
6335
9879
9257
5825
6055
3231
5755
8549
3388
1782
7673
3059
1752
5871
3907
5876
1452
3763
1367
7420
7587
8113
2885
7377
1050
3346
7424
3968
6535
1064
8695
8991
9109
5119
9312
4447
1261
7557
5107
3549
9288
8315
5575
3888
6482
7497
1676
6780
7056
5874
7725
7770
7695
9365
1631
4432
9583
9982
5329
6957
1213
6096
6107
5833
7256
8143
2622
4568
3683
1778
3411
6365
1471
8495
3702
2624
6378
9634
9424
5843
4384
1610
6680
1894
7600
8518
8302
5308
5731
5756
5218
3158
9753
5478
5981
4048
8001
1787
3071
2954
9826
7589
2021
5017
9326
4850
9804
4201
7785
3613
6182
8304
8480
7018
9689
2509
8411
4524
1940
3865
5694
9193
9134
2163
3085
4630
7114
9162
1578
5554
9489
9630
9028
8767
3448
7806
1561
2997
6547
2887
9099
6672
4838
3856
1110
1406
1971
1619
7379
6563
2313
4684
7052
1350
1518
7688
3010
6830
9427
6700
2629
3135
2302
2164
5614
5105
4136
2585
2391
7232
6301
2345
9928
7011
8836
2036
3157
3967
5698
8429
6848
3721
9784
3314
4107
7890
9436
2827
6662
9628
3782
6872
2301
6738
9052
4531
1606
8037
5025
1520
5316
9627
1300
9746
7804
8008
8106
3130
1373
8552
4053
8175
6362
9941
8319
1041
2084
9680
9570
8142
2380
1848
9146
8085
9658
6165
8595
9653
4150
5143
3419
3815
4931
1049
7647
6309
2821
5435
2856
3205
6490
3687
7394
4960
5797
6225
6635
8321
6900
4209
8196
3589
7164
8825
5790
4778
6164
2700
7115
4445
7678
3990
1653
1184
8286
8607
2363
3523
5591
4649
9761
9061
6550
5736
7787
1400
9384
3867
3778
4291
7558
6800
7710
4367
6984
7907
4995
4955
7075
7430
3088
1227
7632
4488
3106
3418
7649
9098
9184
5684
1508
5401
3482
3354
7641
5483
6592
8922
1540
5753
1321
8067
1773
3690
9185
2617
8854
2231
4153
2865
7361
3546
2287
9325
7795
4362
7166
4686
5762
5322
1360
6356
3937
1543
5278
7734
5524
8462
4932
2105
4493
4292
8633
6769
3165
1019
6668
1590
4152
3768
3447
8598
4643
7729
7791
2146
8827
2067
8134
3038
9199
6646
2718
5325
5011
4244
4395
8829
5080
7685
9402
9574
5908
2880
7373
2628
8557
5015
4326
2392
7019
1433
1099
9469
6660
4566
9975
2736
9586
8408
3208
8532
2504
2232
2377
3872
2307
1199
4180
9940
6175
2682
1571
1911
4611
9756
5085
8719
7453
9662
6448
7038
9737
3799
4509
7781
1584
8816
7839
3724
4674
4696
5991
6471
8929
6562
2797
8249
8131
9913
9089
2545
4331
8791
3766
4672
4873
8732
9732
2058
5734
3787
1332
7881
2386
9972
9406
7961
3310
1486
8378
1909
7139
2849
8450
6403
2970
7864
6303
7248
7304
8590
2369
8733
2698
9985
6131
1190
8417
6002
8700
5259
8340
2086
3663
6554
5241
5383
5307
5612
3679
3140
4287
4225
1405
8182
3914
8421
4019
5144
6191
4571
5454
2839
7995
5573
7131
4660
3941
9688
1534
8963
6581
8458
4314
4029
1994
5028
1756
5357
6152
3952
7527
3684
9888
7861
1243
6437
9063
1124
8645
7229
3748
3936
8377
6052
3111
7744
7024
9112
3643
7257
2657
3695
1710
8097
6004
5784
6849
1609
9318
6010
1550
3081
8188
3809
1763
9495
2752
9234
9147
2224
1564
6884
5293
7523
8879
8472
4965
3757
6698
9239
8056
1647
3374
3317
2998
4135
3874
4734
4997
7867
3940
1055
8524
6480
7901
8234
3668
3063
2272
9485
8901
5557
5779
2910
6919
2539
5253
1015
9759
3423
1817
2465
4303
9984
4538
6391
9130
2045
2725
2733
2485
2320
1121
6121
5098
1314
5970
3929
8587
3847
3356
8711
7810
2620
2199
4876
6870
4619
8366
3925
1349
1722
5128
3543
9152
7037
7172
8110
9423
3150
6261
3861
8158
5700
9246
4597
7129
7708
5395
9992
3834
2701
8342
8314
5867
2574
6732
4258
3037
8960
2537
6797
2102
1922
4293
7896
5585
6398
2957
8379
3587
2721
5569
4306
2063
5113
8107
4171
2243
9414
3994
3336
9404
3128
6651
8356
6753
5955
6921
4542
9058
1428
1547
9249
3681
5372
3746
7116
8116
4687
6832
3243
8538
5891
9762
3639
9860
7992
5911
3928
3964
9263
8786
3709
6329
2614
4671
4148
2401
4327
6980
5707
1981
6998
5270
5864
7938
7893
9929
3212
3919
2499
4157
7786
9230
1990
5676
2618
5956
4666
1059
7293
6880
4123
4491
6722
4454
1869
9198
7833
5500
5744
6874
3359
5249
1867
1533
2471
3512
4551
2912
3485
7448
6791
3894
4446
7740
2927
1784
1873
2172
7663
6679
2351
7664
2415
9705
9660
5433
3715
9017
5489
9264
9951
4535
2388
2279
1206
2563
8485
7285
4741
6604
2556
9132
9816
3306
7659
6824
1333
1707
4231
7579
6114
3622
1955
9546
1113
5002
2136
5254
3048
8941
1035
5289
8656
6333
2996
7993
3645
3520
2106
4474
4616
2979
4206
6509
4822
9757
6762
5690
8652
7456
1704
1604
5386
2872
2332
3255
2324
5145
3116
3170
3137
8165
5975
1998
9691
2338
9272
4099
2162
4841
6613
4022
9915
1022
2924
2903
2115
6488
1624
9315
4803
3112
6771
2946
9154
9434
3326
3464
5330
8771
5102
9225
3016
9838
5887
1153
2742
5687
1129
7807
2456
2201
5851
9614
1783
4588
8245
9290
4644
4479
6897
2207
3490
5180
6715
3093
5896
3272
3455
7009
4779
9834
8122
4806
5913
6952
8103
2452
7630
8284
9760
2523
5519
6522
8971
2649
8168
5977
7327
8490
3749
5722
4708
6275
5192
7367
1081
3747
8483
7858
6426
9526
3942
9439
3673
6746
7547
3984
5445
8648
9715
3694
5893
6346
3185
1274
3193
1065
5376
3483
4184
4823
2127
5995
4115
7308
1933
3926
9253
5853
7286
6916
2947
6965
3199
1642
1779
8211
8406
2601
1620
2895
4273
1175
1139
1182
5775
5006
5854
2665
9352
5674
2583
9457
1073
9523
5346
4763
8439
4730
7231
2606
9750
5838
7627
6399
4316
6409
1097
2034
3880
3569
1048
5177
4755
8581
2085
1447
1443
5595
1516
9556
7284
6198
7635
6986
1459
2562
9478
2935
4979
3845
4089
1218
8496
6733
8338
4690
8290
7592
9738
6677
1394
2426
1327
7204
3756
6106
4063
7471
1648
6440
4988
8545
9069
7778
6699
7486
7491
2119
1144
9103
9466
9361
6007
9035
9015
9538
4703
5312
2952
3118
6001
2848
1678
3949
5371
7723
4976
2648
2467
5711
5517
4386
2948
2066
4785
8473
1325
7329
6306
9282
3821
7915
5358
6608
7832
3802
6988
1777
7752
8313
2851
7802
3415
2309
4027
8834
8818
7333
2270
5008
3345
3083
8292
9877
3606
2921
9709
2230
9657
6580
5577
9547
7288
8519
8869
6675
6207
6935
3416
9612
9304
4077
6201
4197
7653
3409
9582
9609
7109
8050
5567
7339
4789
3731
8698
6567
4935
3015
7311
9902
6264
1708
2193
9997
3318
8638
5158
4652
4533
9994
7850
7977
7991
3829
4055
9289
9226
2407
3841
9460
6751
8946
8826
8653
9389
2126
9121
6425
2373
4302
2778
2487
6272
8438
8039
6013
8939
8359
4006
4243
2670
9095
2112
2788
5978
9937
2652
9426
7082
4646
1601
2352
2077
8275
7451
7978
8965
9279
2128
2048
4277
9782
1042
6803
4333
7682
1159
7571
5497
7657
2434
4604
3822
1502
7281
2717
1793
5121
2913
8389
3603
6078
8017
5381
8785
1461
6781
5597
9346
3277
5216
4561
8945
1838
2967
5555
3381
3145
6358
8169
1346
1268
4073
8919
3625
6166
4629
8723
3901
6927
6494
3651
6439
5452
6387
7240
3062
4908
6701
3509
3033
8795
9796
3705
7985
7856
6327
3554
4341
3355
7819
4552
9943
7323
9096
9003
9880
6285
4688
7428
5310
8064
1570
5889
1801
9171
6826
7143
3303
6190
3538
2945
3462
7892
1694
2908
8083
5493
4439
2310
9450
9541
2960
1634
3229
1149
9123
3824
6117
9818
1388
6314
7887
3308
3422
9338
4373
7444
5126
7197
6537
6217
8054
9962
5758
8804
4918
4676
8459
8404
1492
1895
3380
6428
3769
1014
4094
6705
4849
7096
9092
8351
6334
3311
7973
2081
5626
3727
7865
4909
1043
3658
1826
1537
9215
9823
7326
4903
4336
3988
2462
7823
2857
7463
5318
6270
4361
7687
2372
2782
8154
6222
7220
4699
6069
2720
8075
9267
4199
5018
9030
3402
5587
2638
8189
5183
6288
8288
4448
3924
5274
7490
1897
5844
9844
1931
9811
2791
1745
6896
8465
2375
7926
8906
9473
3751
8311
9274
1170
8040
8159
9367
9364
8341
8285
7853
2863
2559
9856
4407
4165
9418
5805
4132
5785
1798
2288
4186
8086
9825
9867
6739
8198
6123
8119
6350
2381
5680
8446
4866
9837
5561
7153
5901
7764
9486
3387
3975
7522
9883
2926
9111
8133
9343
7996
5496
9809
4204
4915
8320
1553
1982
3987
3036
3772
1978
5446
2365
6082
9371
2850
4236
5953
6895
5781
6963
9578
1761
8277
4003
4570
1629
6960
6156
2379
6155
8654
6612
5275
2774
6524
3842
8260
3363
6042
3125
5323
2107
8221
7464
3102
8434
6073
7818
5740
4547
3223
8109
2734
1396
5431
2049
4470
6942
3398
4106
7046
9222
4090
3470
5404
5504
6041
4971
9956
2992
1795
1223
2714
4781
1328
3908
4946
6728
1956
8534
8874
5553
6076
3041
6119
8969
6479
8278
2716
9853
1472
6369
6305
7200
8137
3560
2586
8797
1800
7097
3852
5806
1699
4375
4059
9006
2564
7058
7707
5760
7555
6068
1106
7370
5153
5344
4818
5930
9787
6994
8566
9283
6670
5061
4463
6899
9785
1670
6266
9884
5050
8096
3500
5812
2490
2943
8753
5522
3506
8832
1913
6744
2263
4207
3572
7620
8470
3728
4857
7165
7402
2457
4665
3035
9345
5925
5385
5141
9926
8535
1091
9029
2013
5326
2694
1827
8306
2142
4457
6491
2336
8383
7101
3274
7568
8115
9921
4936
3962
6600
2187
2323
6597
3770
5282
9711
5332
5036
3680
6710
6883
9373
3741
8987
9204
7282
4993
8486
2871
7940
3149
8192
3789
8571
9603
1386
5539
3222
3073
1105
4466
9568
9745
2470
2561
2837
9010
6408
4653
5327
7478
3164
5498
6931
6902
5638
3505
3474
6091
4155
9927
4065
2001
6037
8382
5622
7348
6159
5328
3614
3753
3339
2784
8274
7827
6411
4104
4831
3108
6615
2546
7161
2436
2722
3444
4350
8636
7689
9359
5033
2842
5974
6087
9788
4357
4961
2237
5615
6607
6025
9020
6433
9699
3803
9014
3689
2593
4537
2723
1079
1622
1392
2009
7939
8974
6363
6226
1691
4575
6231
8036
3023
1356
4596
7605
3788
7508
2344
8868
4715
7575
6842
8016
2004
9273
5808
8499
7199
3069
1775
7145
5106
6819
2520
5299
6072
6943
3857
1519
4049
3176
2748
1225
7127
6949
3947
1419
6291
9005
1034
6174
5794
7643
2552
9097
5035
8316
2557
3468
9245
9303
8055
1505
8173
6518
3844
1480
6324
4453
9419
3408
8420
9610
7972
1592
9138
5130
3180
1794
1464
1652
5994
4338
2832
6186
9013
4044
6959
2891
1588
5963
4276
4957
7185
1961
2282
6548
4726
2775
4079
5296
6734
9333
8023
4983
7762
4519
9723
3080
3433
9170
4000
6934
9789
8540
1780
9697
7654
7083
6299
7772
7188
3260
9712
9463
4770
5709
8679
5566
6397
4945
8111
3981
7535
9200
6077
4994
6510
5349
3602
2286
2254
8161
4987
3209
1414
8683
9954
6436
2484
3194
6601
8400
1075
8140
2680
7905
9133
3391
3429
4707
7322
5333
5620
6512
3801
1027
2525
3736
8751
9977
2317
5030
4700
1291
6289
9124
3820
9714
2615
6795
2190
5718
1497
5583
6085
6790
5520
3859
7030
9524
1646
8087
7134
4074
3946
5178
1861
1434
3437
8563
4403
8975
2114
1935
4582
3653
6792
8098
4401
2860
6193
5715
4689
3889
7302
6316
8605
8548
8516
3931
6551
7711
1195
8721
1542
7798
7087
2813
9596
2227
1485
8657
3892
3708
2801
2751
5749
2200
4517
5168
4005
5424
7727
1233
1411
4464
9899
5829
1843
6287
3670
4427
6173
2540
5873
3053
7489
8680
2244
2920
4916
3122
4253
5574
5954
7409
1641
2688
8467
9219
3396
2973
8601
2803
7930
8269
2753
1335
5738
9353
4038
9562
8855
7754
7388
4783
8622
9799
9082
5772
4992
7539
9369
8833
6109
7305
2495
9210
5894
4289
9707
3518
2772
4694
9571
9062
2757
8977
8536
6138
8840
1169
5152
6373
2253
2685
6178
2091
1506
8933
7994
2642
2189
5343
1995
1712
9004
4093
8048
6160
3781
5265
7969
5717
8281
4777
9266
3563
8520
5980
8966
9447
4202
8760
2505
6729
2787
3771
9559
7731
9647
9967
2598
7271
9514
3406
6462
7015
1217
2777
3273
7160
7681
2361
5502
7671
3532
6978
8012
3588
5628
9050
2883
4622
5051
9430
8678
2082
7693
4043
1187
2383
6948
1937
1138
5111
6126
5811
5532
7934
7604
3097
7337
4168
7076
2658
3832
1659
2681
3716
9217
9587
6776
4608
7990
4811
2252
9763
8348
6987
3648
3011
2554
3101
6892
4692
8568
7945
7603
3773
6911
4278
6054
4414
5730
2448
1885
9411
8011
5982
7811
4799
9708
6024
5603
7086
4004
6818
1205
3385
9309
7221
2737
5040
7699
3896
1809
2623
6044
5559
9321
7219
7124
5618
7003
6058
1625
4134
4007
2229
9213
5342
1432
9201
6631
9775
2950
1343
1875
5356
8068
9275
7168
7866
6330
7112
1932
1362
4425
7817
2901
9078
6922
2198
6367
5155
2483
3259
8436
6366
2492
5459
1705
1093
7718
9422
3800
7541
6505
9845
6493
4092
4444
6605
6130
1489
2261
8026
4480
3664
2437
7055
1597
5799
1840
2798
9396
8185
3950
6045
2726
7104
8830
4884
1098
7316
6508
2571
1154
5886
3477
9886
5321
4496
3723
3765
6023
1749
9139
9302
5134
5708
8259
1296
1012
4906
3682
8442
5475
8193
5213
3951
7203
5320
3146
3117
5961
1365
5773
1577
2542
4973
2449
9772
8954
2423
1807
1126
1102
5548
5420
7158
2113
4377
4985
3884
3849
4557
7640
8224
7265
4500
7690
7760
4591
5883
9777
6768
6150
8682
5416
8032
7462
1066
1669
3666
1595
6909
5434
9158
4124
4295
9143
7616
9565
8584
6854
6973
5042
9824
8070
9790
3502
2121
6782
4782
3871
6754
7299
1134
1451
9529
1481
6972
8988
9557
7813
5976
2015
3655
9168
6204
5847
9939
6429
4042
7144
3244
4398
1140
1130
9553
1557
4394
2364
3744
6407
9687
2841
6869
6283
4229
9176
3215
2278
1832
7848
7437
4415
1282
1744
9633
6640
7098
2479
9594
3371
1324
4784
8027
8403
7567
8789
3264
7943
8841
3934
9731
1145
3875
8820
6655
6982
7499
2965
4911
7352
5609
1002
4343
5465
5942
8976
9339
9577
1283
8270
2646
8506
2607
3324
4869
6236
2138
4929
3459
4105
6621
2076
7078
3237
8600
2728
8361
7743
1891
4950
3498
6521
5984
9051
8427
2410
3206
8821
1743
5757
3334
3541
1278
5407
5263
2975
1337
2219
4436
2864
4032
3870
2120
2530
6271
3899
3868
5670
4550
3573
6250
3282
6853
9517
3970
4885
5188
8618
8550
8873
6478
9859
1643
7796
2153
4792
5103
6617
1117
6772
8916
2906
7181
5922
4514
3008
4802
4285
